<?xml version="1.0" encoding="UTF-8"?>
<project-private xmlns="http://www.netbeans.org/ns/project-private/1">
    <editor-bookmarks xmlns="http://www.netbeans.org/ns/editor-bookmarks/2" lastBookmarkId="0"/>
    <open-files xmlns="http://www.netbeans.org/ns/projectui-open-files/2">
        <group>
            <file>file:/C:/Users/Catur%20Rahmat/Documents/NetBeansProjects/AppMarket/src/input/InputView.java</file>
            <file>file:/C:/Users/Catur%20Rahmat/Documents/NetBeansProjects/AppMarket/src/input/InputModel.java</file>
            <file>file:/C:/Users/Catur%20Rahmat/Documents/NetBeansProjects/AppMarket/src/list/ListController.java</file>
            <file>file:/C:/Users/Catur%20Rahmat/Documents/NetBeansProjects/AppMarket/src/delete/DeleteController.java</file>
            <file>file:/C:/Users/Catur%20Rahmat/Documents/NetBeansProjects/AppMarket/src/home/HomeView.java</file>
            <file>file:/C:/Users/Catur%20Rahmat/Documents/NetBeansProjects/AppMarket/src/update/UpdateModel.java</file>
            <file>file:/C:/Users/Catur%20Rahmat/Documents/NetBeansProjects/AppMarket/src/list/ListView.java</file>
            <file>file:/C:/Users/Catur%20Rahmat/Documents/NetBeansProjects/AppMarket/src/input/MVCInput.java</file>
            <file>file:/C:/Users/Catur%20Rahmat/Documents/NetBeansProjects/AppMarket/src/history/HistoryModel.java</file>
            <file>file:/C:/Users/Catur%20Rahmat/Documents/NetBeansProjects/AppMarket/src/list/MVCList.java</file>
            <file>file:/C:/Users/Catur%20Rahmat/Documents/NetBeansProjects/AppMarket/src/update/MVCUpdate.java</file>
            <file>file:/C:/Users/Catur%20Rahmat/Documents/NetBeansProjects/AppMarket/src/main/Main.java</file>
            <file>file:/C:/Users/Catur%20Rahmat/Documents/NetBeansProjects/AppMarket/src/update/UpdateView.java</file>
            <file>file:/C:/Users/Catur%20Rahmat/Documents/NetBeansProjects/AppMarket/src/profit/MVCProfit.java</file>
            <file>file:/C:/Users/Catur%20Rahmat/Documents/NetBeansProjects/AppMarket/src/registrasi/RegisView.java</file>
            <file>file:/C:/Users/Catur%20Rahmat/Documents/NetBeansProjects/AppMarket/src/delete/DeleteView.java</file>
            <file>file:/C:/Users/Catur%20Rahmat/Documents/NetBeansProjects/AppMarket/src/login/MVCLogin.java</file>
            <file>file:/C:/Users/Catur%20Rahmat/Documents/NetBeansProjects/AppMarket/src/delete/MVCDelete.java</file>
            <file>file:/C:/Users/Catur%20Rahmat/Documents/NetBeansProjects/AppMarket/src/login/LoginController.java</file>
            <file>file:/C:/Users/Catur%20Rahmat/Documents/NetBeansProjects/AppMarket/src/home/VCHome.java</file>
            <file>file:/C:/Users/Catur%20Rahmat/Documents/NetBeansProjects/AppMarket/src/cashier/MVCCashier.java</file>
            <file>file:/C:/Users/Catur%20Rahmat/Documents/NetBeansProjects/AppMarket/src/registrasi/MVCRegister.java</file>
            <file>file:/C:/Users/Catur%20Rahmat/Documents/NetBeansProjects/AppMarket/src/Connection/DatabaseConnection.java</file>
            <file>file:/C:/Users/Catur%20Rahmat/Documents/NetBeansProjects/AppMarket/src/list/ListModel.java</file>
            <file>file:/C:/Users/Catur%20Rahmat/Documents/NetBeansProjects/AppMarket/src/login/LoginView.java</file>
            <file>file:/C:/Users/Catur%20Rahmat/Documents/NetBeansProjects/AppMarket/src/history/MVCHistory.java</file>
            <file>file:/C:/Users/Catur%20Rahmat/Documents/NetBeansProjects/AppMarket/src/input/InputController.java</file>
            <file>file:/C:/Users/Catur%20Rahmat/Documents/NetBeansProjects/AppMarket/src/cashier/CashierController.java</file>
            <file>file:/C:/Users/Catur%20Rahmat/Documents/NetBeansProjects/AppMarket/src/registrasi/RegisModel.java</file>
            <file>file:/C:/Users/Catur%20Rahmat/Documents/NetBeansProjects/AppMarket/src/home/HomeController.java</file>
            <file>file:/C:/Users/Catur%20Rahmat/Documents/NetBeansProjects/AppMarket/src/delete/DeleteModel.java</file>
            <file>file:/C:/Users/Catur%20Rahmat/Documents/NetBeansProjects/AppMarket/src/profit/ProfitModel.java</file>
            <file>file:/C:/Users/Catur%20Rahmat/Documents/NetBeansProjects/AppMarket/src/cashier/CashierView.java</file>
            <file>file:/C:/Users/Catur%20Rahmat/Documents/NetBeansProjects/AppMarket/src/cashier/CashierModel.java</file>
            <file>file:/C:/Users/Catur%20Rahmat/Documents/NetBeansProjects/AppMarket/src/registrasi/RegisController.java</file>
            <file>file:/C:/Users/Catur%20Rahmat/Documents/NetBeansProjects/AppMarket/src/profit/ProfitController.java</file>
            <file>file:/C:/Users/Catur%20Rahmat/Documents/NetBeansProjects/AppMarket/src/login/LoginModel.java</file>
            <file>file:/C:/Users/Catur%20Rahmat/Documents/NetBeansProjects/AppMarket/src/update/UpdateController.java</file>
            <file>file:/C:/Users/Catur%20Rahmat/Documents/NetBeansProjects/AppMarket/src/history/HistoryView.java</file>
            <file>file:/C:/Users/Catur%20Rahmat/Documents/NetBeansProjects/AppMarket/src/profit/ProfitView.java</file>
            <file>file:/C:/Users/Catur%20Rahmat/Documents/NetBeansProjects/AppMarket/src/history/HistoryController.java</file>
        </group>
    </open-files>
</project-private>
